Jet Kid Start blue Умные детские часы;Jet;умные часы;пластик;Монохромный;2310
﻿BAND 6 FOREST GREEN FARA-B19 HUAWEI;Huawei;фитнес браслет;полимер;AMOLED;5480
Умные часы GT 3 MIL-B19S BLACK HUAWEI;Huawei;умные часы;пластик;Монохромный;21810
Умные часы GT 3 MIL-B19V BROWN HUAWEI;Huawei;умные часы;нержавеющая сталь;AMOLED;21810
GT RUNNER-B19S BLACK HUAWEI;Huawei;умные часы;пластик;AMOLED;27770
GT RUNNER-B19A GREY HUAWEI;Huawei;умные часы;пластик;AMOLED;27770
Умные часы GT 3 MIL-B19 GOLD HUAWEI;Huawei;умные часы;нержавеющая сталь, пластик;AMOLED;24230
Умные часы WATCH 3 GALILEO-L11 STEEL;Huawei;умные часы;металл, керамика;AMOLED;32600
Умные часы GT 3 JPT-B19V BROWN HUAWEI;Huawei;умные часы;нержавеющая сталь, пластик;AMOLED;24230
FIT ELEGANT TIA-B29 MIDNIGHT BLACK;Huawei;умные часы;нержавеющая сталь;AMOLED;11460
GT 2 MATTE BLACK LTN- B19 HUAWEI;Huawei;Смарт-часы;пластик, металл;AMOLED;15850
GT 2 PEBBLE BROWN LTN-B19 HUAWEI;Huawei;умные часы;пластик, металл;AMOLED;17070
GT 2 PRO VID-B19 NEBULA GRAY HUAWEI;Huawei;Смарт-часы;AMOLED;титан;27770
GT 2 PRO VID-B19 NIGHT BLACK HUAWEI;Huawei;Смарт-часы;титан;AMOLED;24230
FIT ELEGANT TIA-B29 FROSTY WHITE HUAWEI;Huawei;умные часы;нержавеющая сталь;AMOLED;11460
FIT TIA-B09 GRAPHITE BLACK HUAWEI;Huawei;умные часы;металл;AMOLED;9040
KIDS 4 PRO ASN-AL10 BLUE HUAWEI;Huawei;Смарт-часы;пластик;AMOLED;15850
KIDS 4 PRO ASN-AL10 PINK HUAWEI;Huawei;Смарт-часы;пластик;AMOLED;15850
GT 2 NIGHT BLACK DIANA-B19S HUAWEI;Huawei;Смарт-часы;пластик, металл;AMOLED;15850
GT 3 JPT-B19S BLACK HUAWEI;Huawei;Смарт-часы;нержавеющая сталь, пластик;AMOLED;24230
FIT TIA-B09 DISTILLED BLUE HUAWEI;Huawei;умные часы;пластик, металл;AMOLED;9040
FIT TIA-B09 SAKURA PINK HUAWEI;Huawei;умные часы;пластик, металл;AMOLED;9040
Часы Medisana Шагомер ViFit Connect;Medisana;датчик;пластик;OLED;4580
Canyon - CNS-SW82BB;Canyon;Смарт-часы;TFT;Монохромный;4840
teXet TM-519R;Texet;2.4;пластик;240x320;2490
Fly Ezzy 3;Fly;1.77;пластик;128x160;1070
Nokia 150 DS TA-1235;NOKIA;2.4;поликарбонат;1020 мАч;3130
BQ 2430 Tank Power;BQ;2.4;пластик;240x320;1920
NOKIA 130 Dual Sim;NOKIA;1.8;пластик;128x160;1550
Texet TM-B217;Texet;1.77;пластик;128x160;1830
NOKIA TA-1253;NOKIA;2.4;пластик;240x320;2020
Texet 130-TM;Texet;1.77;пластик;128x160;1160
NOKIA 105 SS TA-1203;NOKIA;1.77;пластик;120x160;1550
NOKIA 105 DS;NOKIA;1.77;пластик;128x160;1460
TEXET TM-408;TEXET;2.8;пластик;320x240;2740
NOKIA 105 Dual sim;NOKIA;1.77;пластик;120x160;1740
Texet TM-204;Texet;2.4;пластик;320x240;1840
NOKIA 3310 Dual;NOKIA;2.4;пластик;320x240;3350
NOKIA 3310 Dual;NOKIA;2.4;пластик;320x240;4910
Texet 130-TM;Texet;1.77;пластик;м;1130
NOKIA 106 DS TA-1114;NOKIA;1.8;пластик;111.2х49.5х14.4 мм;1720
Texet TM-513R;Texet;2;пластик;176x220;3630
teXet TM-B226;Texet;2.31”;пластик;320x240;2690
NOKIA 105 DS Blue;NOKIA;1.77;пластик;120x160;1460
NOKIA 230 Dual Sim;NOKIA;2.8;пластик;320x240;4320
Alcatel 1066D;Alcatel;1.8;пластик;160x128;2620
Philips Xenium E172;Philips;2.4;пластик;240x320;2700
Alcatel 3025X;Alcatel;2.8;пластик;320x240;6600
Vampire RGB,9 кнопок;Defender;Мышь проводная;USB;да;1610
Defender Halo Z GM-430L;Defender;Мышь проводная;USB;да;550
Defender Shark 2;Defender;Мышь беспроводная;USB;да;1480
Defender sTarx GM-390L;Defender;Мышь проводная;USB;да;730
Defender Skull GM-180L;Defender;Мышь проводная;USB;да;485
Defender Killer GM-170L;Defender;Мышь проводная;USB;да;550
Defender Ghost GM-190L;Defender;Мышь проводная;USB;да;600
Defender Witcher GM-990;Defender;Мышь проводная;USB;да;730
Logitech G305 LIGHTSPEED Wireless;Logitech;Мышь беспроводная;USB + радиоканал;да;8920
Logitech G102 LIGHTSYNC Gaming;Logitech;Мышь проводная;USB;да;4350
Logitech G PRO HERO Black;Logitech;Мышь проводная;USB;да;5100
Logitech G402 Hyperion Fury;Logitech;Мышь проводная;USB;да;4400
STM 109CW;STM;Мышь проводная;USB+ радиоканал;да;455
Defender MB-986;Defender;Мышь проводная;USB;да;270
Gembird MG-520;Gembird;Мышь проводная;USB;да;720
CBR CM 846;CBR;Мышь проводная;USB;да;790
Гарнизон GM-720G;Гарнизон;Мышь проводная;USB;да;600
Гарнизон GM-700G;Гарнизон;Мышь проводная;USB;да;425
Гарнизон GM-760G;Гарнизон;Мышь проводная;USB;да;610
Гарнизон GM-730G;Гарнизон;Мышь проводная;USB;да;580
Гарнизон GM-620G;Гарнизон;Мышь проводная;USB;да;385
A4TECH Bloody Q51;A4TECH;Мышь проводная;USB;да;1320
MGK-03U Dialog Gan-Kata;MGK;Мышь проводная;USB;да;260
Defender Flash MB-600L;Defender;Мышь проводная;USB;да;245
Seagate ST2000VX008 SATA III 6 Gb/s;Seagate;3.5;2 Tb;64 Mb;12240
Toshiba HDWD105UZSVA;Toshiba;3.5;500 Gb;64 Mb;6200
SATAIII QK554AA;HP;3.5;500Gb;64 Mb;14360
Seagate ST2000NM000A;Seagate;3.5;2 Tb;64 Mb;18690
HGST Ultrastar 7K2;HGST;3.5;2 Tb;128 Mb;25430
Seagate ST1000DM010;Seagate;3.5;1 Tb;64 Mb;7180
Toshiba S300 Surveillance;Toshiba;3.5;4 Tb;128 Mb;10710
Toshiba MG04SCA20EE;Toshiba;3.5;2 Tb;128 Mb;11010
Toshiba HDWD130UZSVA;Toshiba;3.5;3 Tb;64 Mb;11600
HDD Toshiba X300;Toshiba;3.5;6Tb;128 Mb;20820
MbMb cache Seagate;Seagate;3.5;4 Tb;256 Mb;20460
Seagate Skyhawk ST6000VX001;Seagate;3.5;6 Tb;256 Mb;21590
Seagate Barracuda ST4000DM004;Seagate;3.5;4 Tb;256 Mb;13330
Toshiba HDWR160UZSVA;Toshiba;3.5;6 Tb;256 Mb;20810
Seagate IronWolf ST2000VN004;Seagate;3.5;2 Tb;64 Mb;13120
Toshiba HDWT860UZSVA;Toshiba;3.5;6tb;256 Mb;16480
Seagate ST16000NM001G;Seagate;3.5;16 Tb;256 Mb;70200
Toshiba HDWD220UZSVA;Toshiba;3.5;2 Tb;64 Mb;8170
Toshiba X300 HDWR160EZSTA;Toshiba;3.5;6 Tb;128 Mb;21310
Seagate Barracuda ST3000DM007;Seagate;3.5;3 Tb;256 Mb;9050
Toshiba HDWE160UZSVA;Toshiba;3.5;6 Tb;128 Mb;16020
Toshiba HDWR480EZSTA;Toshiba;3.5;8 Tb;256 Mb;25460
Western Digital WD20EFAX;Western Digital;3.5;2 Tb;256 Mb;14590
Toshiba Surveillance S300 HDWT360UZSVA;Toshiba;3.5;6 Tb;256 Mb;16780
Defender Warhead G-160;Defender;Проводной;черный, синий;Накладные;620
Apex Pro;Defender;Проводной;черный, красный;Накладные;1310
Crown CMGH-2000;Crown;Проводной;черный, красный;Накладные;1500
Sven AP-G333MV;Sven;Проводной;черный, красный;Накладные;870
Sven AP-G300MV;Sven;Проводной;черный, красный;Накладные;1030
Defender Warhead G-320;Defender;Проводной;черный, зеленый;Накладные;670
Defender Warhead G-320;Defender;Проводной;черный, красный;Накладные;700
Defender Tanto 64451;Defender;Проводной;черный, синий;Вкладыши;590
Sven AP-U989MV;Sven;Проводной;черный,  красный;Закрытые;3770
Harper Gaming Raster GHS-X15;Harper;Проводной;черный, зелёный;Накладные;2440
Defender Scylla;Defender;Проводной;черный, красный;Закрытые;1410
Logitech G332;Logitech;Проводной;черный, красный;Накладные;5150
Perfeo STRIKE;Perfeo;Проводной;черный, синий;Накладные;900
Defender Lagopasmtus 2;Defender;Проводной;черный, красный;Закрытые;1560
GHS-R100;Harper;Проводной;черный, зелёный;Накладные;1300
Defender Memecoleous;Defender;Проводной;черный, красный;Закрытые;2520
Defender TUNE 130;Defender;Проводной;черный, красный;Накладные;750
Sven AP-U880MV;Sven;Проводной;черный, красный;Закрытые;2210
Dialog HGK-20L;Dialog;Проводной;черный, красный;Мониторные;1120
Logitech G333;Logitech;Проводной;фиолетовый;Вкладыши;5330
Sven AP-U990MV;Sven;Проводной;черный, красный;Накладные;3360
Crown CMGH-3100;Crown;Проводной;черный, красный;Мониторные;3110
Triton звук 7.1;Defender;Проводной;черный;Закрытые;4740
Ritmix RH-540M;Ritmix;Проводной;черный;Накладные;830
Jet Kid Start blue Умные детские часы;Jet;умные часы;пластик;Монохромный;2310
BAND 6 FOREST GREEN FARA-B19 HUAWEI;Huawei;фитнес браслет;полимер;AMOLED;5480
Умные часы GT 3 MIL-B19S BLACK HUAWEI;Huawei;умные часы;пластик;Монохромный;21810
Умные часы GT 3 MIL-B19V BROWN HUAWEI;Huawei;умные часы;нержавеющая сталь;AMOLED;21810
GT RUNNER-B19S BLACK HUAWEI;Huawei;умные часы;пластик;AMOLED;27770
GT RUNNER-B19A GREY HUAWEI;Huawei;умные часы;пластик;AMOLED;27770
Умные часы GT 3 MIL-B19 GOLD HUAWEI;Huawei;умные часы;нержавеющая сталь, пластик;AMOLED;24230
Умные часы WATCH 3 GALILEO-L11 STEEL;Huawei;умные часы;металл, керамика;AMOLED;32600
Умные часы GT 3 JPT-B19V BROWN HUAWEI;Huawei;умные часы;нержавеющая сталь, пластик;AMOLED;24230
FIT ELEGANT TIA-B29 MIDNIGHT BLACK;Huawei;умные часы;нержавеющая сталь;AMOLED;11460
GT 2 MATTE BLACK LTN- B19 HUAWEI;Huawei;Смарт-часы;пластик, металл;AMOLED;15850
GT 2 PEBBLE BROWN LTN-B19 HUAWEI;Huawei;умные часы;пластик, металл;AMOLED;17070
GT 2 PRO VID-B19 NEBULA GRAY HUAWEI;Huawei;Смарт-часы;AMOLED;титан;27770
GT 2 PRO VID-B19 NIGHT BLACK HUAWEI;Huawei;Смарт-часы;титан;AMOLED;24230
FIT ELEGANT TIA-B29 FROSTY WHITE HUAWEI;Huawei;умные часы;нержавеющая сталь;AMOLED;11460
FIT TIA-B09 GRAPHITE BLACK HUAWEI;Huawei;умные часы;металл;AMOLED;9040
KIDS 4 PRO ASN-AL10 BLUE HUAWEI;Huawei;Смарт-часы;пластик;AMOLED;15850
KIDS 4 PRO ASN-AL10 PINK HUAWEI;Huawei;Смарт-часы;пластик;AMOLED;15850
GT 2 NIGHT BLACK DIANA-B19S HUAWEI;Huawei;Смарт-часы;пластик, металл;AMOLED;15850
GT 3 JPT-B19S BLACK HUAWEI;Huawei;Смарт-часы;нержавеющая сталь, пластик;AMOLED;24230
FIT TIA-B09 DISTILLED BLUE HUAWEI;Huawei;умные часы;пластик, металл;AMOLED;9040
FIT TIA-B09 SAKURA PINK HUAWEI;Huawei;умные часы;пластик, металл;AMOLED;9040
Часы Medisana Шагомер ViFit Connect;Medisana;датчик;пластик;OLED;4580
Canyon - CNS-SW82BB;Canyon;Смарт-часы;TFT;Монохромный;4840
teXet TM-519R;Texet;2.4;пластик;240x320;2490
Fly Ezzy 3;Fly;1.77;пластик;128x160;1070
Nokia 150 DS TA-1235;NOKIA;2.4;поликарбонат;1020 мАч;3130
BQ 2430 Tank Power;BQ;2.4;пластик;240x320;1920
NOKIA 130 Dual Sim;NOKIA;1.8;пластик;128x160;1550
Texet TM-B217;Texet;1.77;пластик;128x160;1830
NOKIA TA-1253;NOKIA;2.4;пластик;240x320;2020
Texet 130-TM;Texet;1.77;пластик;128x160;1160
NOKIA 105 SS TA-1203;NOKIA;1.77;пластик;120x160;1550
NOKIA 105 DS;NOKIA;1.77;пластик;128x160;1460
TEXET TM-408;TEXET;2.8;пластик;320x240;2740
NOKIA 105 Dual sim;NOKIA;1.77;пластик;120x160;1740
Texet TM-204;Texet;2.4;пластик;320x240;1840
NOKIA 3310 Dual;NOKIA;2.4;пластик;320x240;3350
NOKIA 3310 Dual;NOKIA;2.4;пластик;320x240;4910
Texet 130-TM;Texet;1.77;пластик;м;1130
NOKIA 106 DS TA-1114;NOKIA;1.8;пластик;111.2х49.5х14.4 мм;1720
Texet TM-513R;Texet;2;пластик;176x220;3630
teXet TM-B226;Texet;2.31”;пластик;320x240;2690
NOKIA 105 DS Blue;NOKIA;1.77;пластик;120x160;1460
NOKIA 230 Dual Sim;NOKIA;2.8;пластик;320x240;4320
Alcatel 1066D;Alcatel;1.8;пластик;160x128;2620
Philips Xenium E172;Philips;2.4;пластик;240x320;2700
Alcatel 3025X;Alcatel;2.8;пластик;320x240;6600
Vampire RGB,9 кнопок;Defender;Мышь проводная;USB;да;1610
Defender Halo Z GM-430L;Defender;Мышь проводная;USB;да;550
Defender Shark 2;Defender;Мышь беспроводная;USB;да;1480
Defender sTarx GM-390L;Defender;Мышь проводная;USB;да;730
Defender Skull GM-180L;Defender;Мышь проводная;USB;да;485
Defender Killer GM-170L;Defender;Мышь проводная;USB;да;550
Defender Ghost GM-190L;Defender;Мышь проводная;USB;да;600
Defender Witcher GM-990;Defender;Мышь проводная;USB;да;730
Logitech G305 LIGHTSPEED Wireless;Logitech;Мышь беспроводная;USB + радиоканал;да;8920
Logitech G102 LIGHTSYNC Gaming;Logitech;Мышь проводная;USB;да;4350
Logitech G PRO HERO Black;Logitech;Мышь проводная;USB;да;5100
Logitech G402 Hyperion Fury;Logitech;Мышь проводная;USB;да;4400
STM 109CW;STM;Мышь проводная;USB+ радиоканал;да;455
Defender MB-986;Defender;Мышь проводная;USB;да;270
Gembird MG-520;Gembird;Мышь проводная;USB;да;720
CBR CM 846;CBR;Мышь проводная;USB;да;790
Гарнизон GM-720G;Гарнизон;Мышь проводная;USB;да;600
Гарнизон GM-700G;Гарнизон;Мышь проводная;USB;да;425
Гарнизон GM-760G;Гарнизон;Мышь проводная;USB;да;610
Гарнизон GM-730G;Гарнизон;Мышь проводная;USB;да;580
Гарнизон GM-620G;Гарнизон;Мышь проводная;USB;да;385
A4TECH Bloody Q51;A4TECH;Мышь проводная;USB;да;1320
MGK-03U Dialog Gan-Kata;MGK;Мышь проводная;USB;да;260
Defender Flash MB-600L;Defender;Мышь проводная;USB;да;245
Seagate ST2000VX008 SATA III 6 Gb/s;Seagate;3.5;2 Tb;64 Mb;12240
Toshiba HDWD105UZSVA;Toshiba;3.5;500 Gb;64 Mb;6200
SATAIII QK554AA;HP;3.5;500Gb;64 Mb;14360
Seagate ST2000NM000A;Seagate;3.5;2 Tb;64 Mb;18690
HGST Ultrastar 7K2;HGST;3.5;2 Tb;128 Mb;25430
Seagate ST1000DM010;Seagate;3.5;1 Tb;64 Mb;7180
Toshiba S300 Surveillance;Toshiba;3.5;4 Tb;128 Mb;10710
Toshiba MG04SCA20EE;Toshiba;3.5;2 Tb;128 Mb;11010
Toshiba HDWD130UZSVA;Toshiba;3.5;3 Tb;64 Mb;11600
HDD Toshiba X300;Toshiba;3.5;6Tb;128 Mb;20820
MbMb cache Seagate;Seagate;3.5;4 Tb;256 Mb;20460
Seagate Skyhawk ST6000VX001;Seagate;3.5;6 Tb;256 Mb;21590
Seagate Barracuda ST4000DM004;Seagate;3.5;4 Tb;256 Mb;13330
Toshiba HDWR160UZSVA;Toshiba;3.5;6 Tb;256 Mb;20810
Seagate IronWolf ST2000VN004;Seagate;3.5;2 Tb;64 Mb;13120
Toshiba HDWT860UZSVA;Toshiba;3.5;6tb;256 Mb;16480
Seagate ST16000NM001G;Seagate;3.5;16 Tb;256 Mb;70200
Toshiba HDWD220UZSVA;Toshiba;3.5;2 Tb;64 Mb;8170
Toshiba X300 HDWR160EZSTA;Toshiba;3.5;6 Tb;128 Mb;21310
Seagate Barracuda ST3000DM007;Seagate;3.5;3 Tb;256 Mb;9050
Toshiba HDWE160UZSVA;Toshiba;3.5;6 Tb;128 Mb;16020
Toshiba HDWR480EZSTA;Toshiba;3.5;8 Tb;256 Mb;25460
Western Digital WD20EFAX;Western Digital;3.5;2 Tb;256 Mb;14590
Toshiba Surveillance S300 HDWT360UZSVA;Toshiba;3.5;6 Tb;256 Mb;16780
Defender Warhead G-160;Defender;Проводной;черный, синий;Накладные;620
Apex Pro;Defender;Проводной;черный, красный;Накладные;1310
Crown CMGH-2000;Crown;Проводной;черный, красный;Накладные;1500
Sven AP-G333MV;Sven;Проводной;черный, красный;Накладные;870
Sven AP-G300MV;Sven;Проводной;черный, красный;Накладные;1030
Defender Warhead G-320;Defender;Проводной;черный, зеленый;Накладные;670
Defender Warhead G-320;Defender;Проводной;черный, красный;Накладные;700
Defender Tanto 64451;Defender;Проводной;черный, синий;Вкладыши;590
Sven AP-U989MV;Sven;Проводной;черный,  красный;Закрытые;3770
Harper Gaming Raster GHS-X15;Harper;Проводной;черный, зелёный;Накладные;2440
Defender Scylla;Defender;Проводной;черный, красный;Закрытые;1410
Logitech G332;Logitech;Проводной;черный, красный;Накладные;5150
Perfeo STRIKE;Perfeo;Проводной;черный, синий;Накладные;900
Defender Lagopasmtus 2;Defender;Проводной;черный, красный;Закрытые;1560
GHS-R100;Harper;Проводной;черный, зелёный;Накладные;1300
Defender Memecoleous;Defender;Проводной;черный, красный;Закрытые;2520
Defender TUNE 130;Defender;Проводной;черный, красный;Накладные;750
Sven AP-U880MV;Sven;Проводной;черный, красный;Закрытые;2210
Dialog HGK-20L;Dialog;Проводной;черный, красный;Мониторные;1120
Logitech G333;Logitech;Проводной;фиолетовый;Вкладыши;5330
Sven AP-U990MV;Sven;Проводной;черный, красный;Накладные;3360
Crown CMGH-3100;Crown;Проводной;черный, красный;Мониторные;3110
Triton звук 7.1;Defender;Проводной;черный;Закрытые;4740
Ritmix RH-540M;Ritmix;Проводной;черный;Накладные;830
